,implementation,preprocess,mean_type,distance,threshold,f1,accuracy
163,USE,lower_clean,median,l1,11.8766890631782,0.647272727272727,0.946141032759578
162,USE,lower_clean,median,l1,11.5373550899445,0.646189735614308,0.949472515269295
102,USE,lower_clean,mean,l2,0.685978468724699,0.644645340751043,0.943253747917824
164,USE,lower_clean,median,l1,12.2160230364118,0.642094385118843,0.942309827873403
101,USE,lower_clean,mean,l2,0.66792640375826,0.641579731743666,0.94658523042754
103,USE,lower_clean,mean,l2,0.704030533691138,0.639222042139384,0.938200999444753
100,USE,lower_clean,mean,l2,0.64987433879182,0.635312873654843,0.949194891726818
165,USE,lower_clean,median,l1,12.5553570096455,0.630833601544899,0.936313159355913
161,USE,lower_clean,median,l1,11.1980211167108,0.628500823723229,0.949916712937257
104,USE,lower_clean,mean,l2,0.722082598657578,0.627781118460613,0.931260410882843
229,USE,lower_clean,median,l2,0.676805422280094,0.626181818181818,0.942920599666852
356,USE,lower,mean,l2,0.65722808759053,0.624907338769459,0.943808995002776
166,USE,lower_clean,median,l1,12.8946909828792,0.624628197501487,0.929927817878956
230,USE,lower_clean,median,l2,0.695097460720097,0.624147339699864,0.938811771238201
228,USE,lower_clean,median,l2,0.658513383840092,0.622598001537279,0.945474736257635
37,USE,lower_clean,mean,l1,12.3755498916384,0.622576177285318,0.939478067740144
357,USE,lower,mean,l2,0.675484423356933,0.622435020519836,0.93870072182121
36,USE,lower_clean,mean,l1,12.0410755702427,0.622388059701493,0.943808995002776
160,USE,lower_clean,median,l1,10.8586871434772,0.621459227467811,0.951027207107163
418,USE,lower,median,l1,11.5967719668434,0.621452266863251,0.942976124375347
674,USE,none,median,l1,11.5368239387633,0.620870870870871,0.943920044419767
99,USE,lower_clean,mean,l2,0.631822273825381,0.620514985225834,0.950083287062743
35,USE,lower_clean,mean,l1,11.7066012488471,0.620359281437126,0.947196002220988
419,USE,lower,median,l1,11.9378534952799,0.619814878299623,0.938423098278734
675,USE,none,median,l1,11.8761422899034,0.619179986101459,0.939144919489173
417,USE,lower,median,l1,11.2556904384068,0.618540433925049,0.946307606885064
38,USE,lower_clean,mean,l1,12.710024213034,0.617865204772654,0.934203220433093
613,USE,none,mean,l2,0.683426806162531,0.61342062193126,0.934425319267074
673,USE,none,median,l1,11.1975055876232,0.613173652694611,0.946196557468073
612,USE,none,mean,l2,0.664955811401382,0.612522361359571,0.939866740699611
231,USE,lower_clean,median,l2,0.7133894991601,0.61225785963798,0.932204330927263
611,USE,none,mean,l2,0.646484816640232,0.610011641443539,0.944197667962243
39,USE,lower_clean,mean,l1,13.0444985344296,0.609267563527653,0.927429205996669
227,USE,lower_clean,median,l2,0.640221345400089,0.609157808667212,0.946918378678512
676,USE,none,median,l1,12.2154606410435,0.608779857972886,0.93270405330372
420,USE,lower,median,l1,12.2789350237165,0.608365019011407,0.931371460299833
416,USE,lower,median,l1,10.9146089099702,0.60807996668055,0.947751249305941
355,USE,lower,mean,l2,0.638971751824126,0.606741573033708,0.945585785674625
34,USE,lower_clean,mean,l1,11.3721269274515,0.605907172995781,0.948139922265408
167,USE,lower_clean,median,l1,13.2340249561128,0.605774569683509,0.921154913936702
484,USE,lower,median,l2,0.664571922512923,0.60439956725568,0.939089394780677
358,USE,lower,mean,l2,0.693740759123337,0.604076590487956,0.928817323709051
672,USE,none,median,l1,10.8581872364831,0.603694374475231,0.947584675180455
105,USE,lower_clean,mean,l2,0.740134663624017,0.603563474387528,0.920932815102721
291,USE,lower,mean,l1,11.8196826510959,0.60184842883549,0.940199888950583
485,USE,lower,median,l2,0.683032253693837,0.601136743564025,0.93375902276513
483,USE,lower,median,l2,0.646111591332008,0.600233553912028,0.942976124375347
159,USE,lower_clean,median,l1,10.5193531702435,0.598920863309353,0.95047196002221
740,USE,none,median,l2,0.667126620174718,0.597989949748744,0.937812326485286
739,USE,none,median,l2,0.648595325169865,0.597532767925983,0.942032204330927
741,USE,none,median,l2,0.685657915179571,0.59515111258718,0.932315380344253
98,USE,lower_clean,mean,l2,0.613770208858941,0.594762538837106,0.949305941143809
232,USE,lower_clean,median,l2,0.731681537600102,0.594482349451201,0.924097723486952
292,USE,lower,mean,l1,12.1573878696987,0.593707250341997,0.934036646307607
610,USE,none,mean,l2,0.628013821879083,0.593086214077468,0.945752359800111
547,USE,none,mean,l1,11.8428537580702,0.59139389481427,0.938312048861743
415,USE,lower,median,l1,10.5735273815337,0.590451160753395,0.948084397556913
677,USE,none,median,l1,12.5547789921836,0.589622641509434,0.92270960577457
226,USE,lower_clean,median,l2,0.621929306960087,0.589545844044559,0.946807329261521
421,USE,lower,median,l1,12.6200165521531,0.589498114302292,0.921432537479178
354,USE,lower,mean,l2,0.620715416057722,0.589437819420784,0.94647418101055
614,USE,none,mean,l2,0.701897800923681,0.588931636578869,0.922876179900056
290,USE,lower,mean,l1,11.4819774324932,0.588803866290777,0.943309272626319
738,USE,none,median,l2,0.630064030165012,0.587701196863392,0.944530816213215
486,USE,lower,median,l2,0.701492584874752,0.586976459798227,0.924986118822876
671,USE,none,median,l1,10.518868885343,0.586206896551724,0.948028872848417
40,USE,lower_clean,mean,l1,13.3789728558253,0.585123966942149,0.916379789006108
548,USE,none,mean,l1,12.1812210083008,0.584969532836831,0.931926707384786
359,USE,lower,mean,l2,0.71199709488974,0.582934384680372,0.91776790671849
33,USE,lower_clean,mean,l1,11.0376526060559,0.582923558337059,0.948195446973903
546,USE,none,mean,l1,11.5044865078396,0.582765531062124,0.942198778456413
482,USE,lower,median,l2,0.627651260151094,0.580805982550893,0.943975569128262
293,USE,lower,mean,l1,12.4950930883014,0.579289026275116,0.924430871737923
97,USE,lower_clean,mean,l2,0.595718143892502,0.579020979020979,0.949861188228762
168,USE,lower_clean,median,l1,13.5733589293465,0.578743211792087,0.909550249861188
742,USE,none,median,l2,0.704189210184425,0.577575757575757,0.922598556357579
158,USE,lower_clean,median,l1,10.1800191970099,0.574755472752678,0.949305941143809
225,USE,lower_clean,median,l2,0.603637268520084,0.574525745257453,0.947695724597446
353,USE,lower,mean,l2,0.602459080291319,0.573733751680861,0.947196002220988
549,USE,none,mean,l1,12.5195882585314,0.5734394124847,0.922598556357579
678,USE,none,median,l1,12.8940973433237,0.573362208987547,0.912493059411438
106,USE,lower_clean,mean,l2,0.758186728590457,0.572528883183569,0.907551360355358
609,USE,none,mean,l2,0.609542827117933,0.572435050638485,0.946085508051083
289,USE,lower,mean,l1,11.1442722138904,0.57192075796727,0.944808439755691
545,USE,none,mean,l1,11.166119257609,0.570081440205744,0.944308717379234
414,USE,lower,median,l1,10.2324458530971,0.569209684787574,0.94764019988895
615,USE,none,mean,l2,0.72036879568483,0.56742934051144,0.910771793448084
32,USE,lower_clean,mean,l1,10.7031782846602,0.566495566962202,0.948417545807884
422,USE,lower,median,l1,12.9610980805897,0.566418703506908,0.909383675735702
233,USE,lower_clean,median,l2,0.749973576040105,0.566391184573003,0.912604108828429
670,USE,none,median,l1,10.1795505342029,0.566314823313447,0.94752915047196
481,USE,lower,median,l2,0.609190928970179,0.564818856394588,0.944641865630206
737,USE,none,median,l2,0.611532735160159,0.562988705473501,0.944142143253748
41,USE,lower_clean,mean,l1,13.7134471772209,0.560938296787353,0.904386451971127
487,USE,lower,median,l2,0.719952916055667,0.560810810810811,0.913381454747362
294,USE,lower,mean,l1,12.8327983069041,0.560580681183696,0.912604108828429
544,USE,none,mean,l1,10.8277520073785,0.558013544018059,0.94564131038312
608,USE,none,mean,l2,0.591071832356784,0.557361820715281,0.947084952803998
288,USE,lower,mean,l1,10.8065669952877,0.556411418214771,0.94564131038312
743,USE,none,median,l2,0.722720505189278,0.556395186118108,0.91199333703498
550,USE,none,mean,l1,12.8579555087619,0.555770827567119,0.910882842865075
360,USE,lower,mean,l2,0.730253430656144,0.553125803961924,0.903553581343698
96,USE,lower_clean,mean,l2,0.577666078926062,0.552325581395349,0.948695169350361
224,USE,lower_clean,median,l2,0.585345230080082,0.549834671705243,0.947084952803998
169,USE,lower_clean,median,l1,13.9126929025801,0.548792270531401,0.896279844530816
480,USE,lower,median,l2,0.590730597789265,0.547706422018349,0.945252637423654
352,USE,lower,mean,l2,0.584202744524915,0.547517730496454,0.946862853970017
157,USE,lower_clean,median,l1,9.8406852237762,0.547469879518072,0.947862298722932
413,USE,lower,median,l1,9.89136432466053,0.546489563567363,0.946918378678512
736,USE,none,median,l2,0.593001440155305,0.544292237442922,0.94458634092171
669,USE,none,median,l1,9.84023218306284,0.544237207077953,0.947084952803998
234,USE,lower_clean,median,l2,0.768265614480107,0.54234693877551,0.900388672959467
679,USE,none,median,l1,13.2334156944638,0.541024365987071,0.897501388117712
107,USE,lower_clean,mean,l2,0.776238793556896,0.537878787878788,0.891615769017213
31,USE,lower_clean,mean,l1,10.3687039632646,0.537749634680955,0.947307051637979
543,USE,none,mean,l1,10.4893847571479,0.533713200379867,0.945474736257635
287,USE,lower,mean,l1,10.468861776685,0.532825880114177,0.945474736257635
423,USE,lower,median,l1,13.3021796090262,0.532203389830508,0.892726263187118
295,USE,lower,mean,l1,13.1705035255069,0.531812420785805,0.897445863409217
607,USE,none,mean,l2,0.572600837595634,0.531522793404462,0.946363131593559
616,USE,none,mean,l2,0.73883979044598,0.531042944785276,0.893892282065519
42,USE,lower_clean,mean,l1,14.0479214986165,0.530745849894786,0.888561910049972
223,USE,lower_clean,median,l2,0.567053191640079,0.529756097560976,0.94647418101055
351,USE,lower,mean,l2,0.565946408758512,0.529469548133595,0.946807329261521
551,USE,none,mean,l1,13.1963227589925,0.526606425702811,0.895280399777901
412,USE,lower,median,l1,9.55028279622396,0.526574803149606,0.94658523042754
156,USE,lower_clean,median,l1,9.50135125054253,0.526211671612265,0.946807329261521
479,USE,lower,median,l2,0.57227026660835,0.523283725396063,0.944863964464186
488,USE,lower,median,l2,0.738413247236581,0.52258726899384,0.896724042198778
735,USE,none,median,l2,0.574470145150452,0.521531100478469,0.94447529150472
744,USE,none,median,l2,0.741251800194132,0.517197452229299,0.894780677401444
668,USE,none,median,l1,9.50091383192274,0.516641828117238,0.945974458634092
95,USE,lower_clean,mean,l2,0.559614013959623,0.516096579476861,0.94658523042754
170,USE,lower_clean,median,l1,14.2520268758138,0.515138023152271,0.879067184897279
361,USE,lower,mean,l2,0.748509766422548,0.508177839207556,0.881454747362576
235,USE,lower_clean,median,l2,0.78655765292011,0.507652460560396,0.883897834536369
30,USE,lower_clean,mean,l1,10.034229641869,0.506290890790136,0.94553026096613
222,USE,lower_clean,median,l2,0.548761153200077,0.504766683391872,0.945197112715158
155,USE,lower_clean,median,l1,9.16201727730887,0.504577822990844,0.945918933925597
411,USE,lower,median,l1,9.20920126778739,0.504065040650407,0.945807884508606
286,USE,lower,mean,l1,10.1311565580822,0.503703703703704,0.944197667962243
680,USE,none,median,l1,13.5727340456039,0.502022471910112,0.876957245974459
542,USE,none,mean,l1,10.1510175069173,0.50098814229249,0.943920044419767
108,USE,lower_clean,mean,l2,0.794290858523336,0.499358700299273,0.869961132704053
606,USE,none,mean,l2,0.554129842834485,0.496187086934418,0.944975013881177
478,USE,lower,median,l2,0.553809935427436,0.494752623688156,0.943864519711272
43,USE,lower_clean,mean,l1,14.3823958200122,0.494458653026428,0.868295391449195
667,USE,none,median,l1,9.16159548078264,0.493586454592098,0.945197112715158
734,USE,none,median,l2,0.555938850145599,0.493273542600897,0.9435313714603
296,USE,lower,mean,l1,13.5082087441096,0.491220068415051,0.876124375347029
350,USE,lower,mean,l2,0.547690072992108,0.49025641025641,0.944808439755691
94,USE,lower_clean,mean,l2,0.541561948993183,0.490196078431373,0.945141588006663
424,USE,lower,median,l1,13.6432611374628,0.489431248638048,0.869905607995558
552,USE,none,mean,l1,13.5346900092231,0.48868778280543,0.874514158800666
617,USE,none,mean,l2,0.757310785207129,0.488199300699301,0.869961132704053
154,USE,lower_clean,median,l1,8.82268330407521,0.484375,0.945030538589672
410,USE,lower,median,l1,8.86811973935082,0.484188698807672,0.944752915047196
221,USE,lower_clean,median,l2,0.530469114760074,0.480908152734778,0.944142143253748
489,USE,lower,median,l2,0.756873578417496,0.479502533394749,0.874514158800666
477,USE,lower,median,l2,0.535349604246521,0.476780185758514,0.943697945585786
745,USE,none,median,l2,0.759783095198985,0.475907741493492,0.872570794003332
285,USE,lower,mean,l1,9.79345133947948,0.474226804123711,0.943364797334814
29,USE,lower_clean,mean,l1,9.69975532047332,0.473163105784263,0.943864519711272
153,USE,lower_clean,median,l1,8.48334933084155,0.47220751720487,0.944641865630206
733,USE,none,median,l2,0.537407555140745,0.471863706763036,0.943198223209328
541,USE,none,mean,l1,9.81265025668674,0.470284237726098,0.943087173792338
171,USE,lower_clean,median,l1,14.5913608490475,0.46936323588306,0.852859522487507
666,USE,none,median,l1,8.82227712964255,0.469291338582677,0.943864519711272
236,USE,lower_clean,median,l2,0.804849691360112,0.468157614483493,0.861354802887285
362,USE,lower,mean,l2,0.766766102188951,0.465979381443299,0.856191004997224
409,USE,lower,median,l1,8.52703821091425,0.462193823216188,0.943920044419767
665,USE,none,median,l1,8.48295877850245,0.4608,0.943864519711272
605,USE,none,mean,l2,0.535658848073335,0.460484720758693,0.943142698500833
681,USE,none,median,l1,13.912052396744,0.458098307816277,0.850638534147696
349,USE,lower,mean,l2,0.529433737225704,0.456084656084656,0.942920599666852
152,USE,lower_clean,median,l1,8.14401535760789,0.454496499730749,0.943753470294281
220,USE,lower_clean,median,l2,0.512177076320072,0.454449152542373,0.942809550249861
109,USE,lower_clean,mean,l2,0.812342923489775,0.45290199809705,0.840366463076069
297,USE,lower,mean,l1,13.8459139627124,0.450864699898271,0.850138811771238
93,USE,lower_clean,mean,l2,0.523509884026744,0.448827292110874,0.94258745141588
284,USE,lower,mean,l1,9.45574612087674,0.44869750132908,0.942420877290394
425,USE,lower,median,l1,13.9843426658994,0.447937131630648,0.843975569128262
553,USE,none,mean,l1,13.8730572594537,0.447906129880639,0.84847307051638
44,USE,lower_clean,mean,l1,14.7168701414078,0.447179098826202,0.837867851193781
476,USE,lower,median,l2,0.516889273065607,0.447158789166224,0.942198778456413
28,USE,lower_clean,mean,l1,9.36528099907769,0.445274959957288,0.942309827873403
618,USE,none,mean,l2,0.775781779968279,0.444227005870842,0.842309827873404
490,USE,lower,median,l2,0.77533390959841,0.442367601246106,0.850916157690172
732,USE,none,median,l2,0.518876260135892,0.4419595314164,0.941810105496946
540,USE,none,mean,l1,9.47428300645616,0.441003737319808,0.941865630205442
746,USE,none,median,l2,0.778314390203838,0.436573311367381,0.848084397556913
408,USE,lower,median,l1,8.18595668247768,0.43610657966286,0.942420877290394
219,USE,lower_clean,median,l2,0.493885037880069,0.435536294691224,0.942143253747918
475,USE,lower,median,l2,0.498428941884692,0.433982683982684,0.941921154913937
664,USE,none,median,l1,8.14364042736235,0.430365920262152,0.942087729039422
92,USE,lower_clean,mean,l2,0.505457819060305,0.429347826086956,0.941699056079956
348,USE,lower,mean,l2,0.511177401459301,0.427795874049946,0.941476957245974
237,USE,lower_clean,median,l2,0.823141729800115,0.426448170731707,0.832870627429206
604,USE,none,mean,l2,0.517187853312186,0.426016260162602,0.941199333703498
363,USE,lower,mean,l2,0.785022437955355,0.424866654405003,0.826374236535258
172,USE,lower_clean,median,l1,14.9306948222811,0.424721523535753,0.822209883398112
731,USE,none,median,l2,0.500344965131039,0.424143556280587,0.941199333703498
27,USE,lower_clean,mean,l1,9.03080667768206,0.421739130434783,0.940921710161022
682,USE,none,median,l1,14.2513707478841,0.41955490696826,0.823320377568018
151,USE,lower_clean,median,l1,7.80468138437422,0.419016030956329,0.94164353137146
283,USE,lower,mean,l1,9.118040902274,0.418933623503808,0.94069961132704
218,USE,lower_clean,median,l2,0.475592999440066,0.41832229580574,0.941476957245974
298,USE,lower,mean,l1,14.1836191813151,0.416864391312283,0.822598556357579
539,USE,none,mean,l1,9.13591575622559,0.414620840152755,0.940421987784564
554,USE,none,mean,l1,14.2114245096842,0.414368650217707,0.820766240977235
474,USE,lower,median,l2,0.479968610703778,0.41257584114727,0.940866185452526
407,USE,lower,median,l1,7.84487515404111,0.408888888888889,0.940921710161022
426,USE,lower,median,l1,14.3254241943359,0.408841732979664,0.814380899500278
730,USE,none,median,l2,0.481813670126186,0.408185840707965,0.94058856191005
619,USE,none,mean,l2,0.794252774729428,0.403536141445658,0.80893947806774
91,USE,lower_clean,mean,l2,0.487405754093865,0.402662229617305,0.940199888950583
491,USE,lower,median,l2,0.793794240779325,0.401937046004843,0.821710161021655
110,USE,lower_clean,mean,l2,0.830394988456214,0.401530272787758,0.800222098833981
347,USE,lower,mean,l2,0.492921065692897,0.399777901166019,0.939977790116602
26,USE,lower_clean,mean,l1,8.69633235628643,0.399334442595674,0.939866740699611
663,USE,none,median,l1,7.80432207622225,0.399105645612074,0.940310938367574
45,USE,lower_clean,mean,l1,15.0513444628034,0.398272712174057,0.798833981121599
603,USE,none,mean,l2,0.498716858551036,0.397107897664071,0.939811215991116
747,USE,none,median,l2,0.796845685208691,0.396025027603975,0.81776790671849
150,USE,lower_clean,median,l1,7.46534741114056,0.395033860045147,0.940477512493059
217,USE,lower_clean,median,l2,0.457300961000064,0.390765765765766,0.939922265408107
282,USE,lower,mean,l1,8.78033568367125,0.389972144846797,0.939200444197668
406,USE,lower,median,l1,7.50379362560454,0.38343732274532,0.93964464186563
538,USE,none,mean,l1,8.79754850599501,0.38276440962507,0.938756246529706
364,USE,lower,mean,l2,0.803278773721758,0.382653889881436,0.788950583009439
238,USE,lower_clean,median,l2,0.841433768240117,0.380151387720774,0.795391449194892
90,USE,lower_clean,mean,l2,0.469353689127426,0.379388448471121,0.939144919489173
473,USE,lower,median,l2,0.461508279522863,0.378959276018099,0.939033870072182
729,USE,none,median,l2,0.463282375121332,0.378745053702657,0.938978345363687
173,USE,lower_clean,median,l1,15.2700287955148,0.378523915109281,0.78212104386452
683,USE,none,median,l1,14.5906890990242,0.377701934015927,0.787395891171571
602,USE,none,mean,l2,0.480245863789887,0.376203966005666,0.938867295946696
662,USE,none,median,l1,7.46500372508216,0.375356531660011,0.939200444197668
25,USE,lower_clean,mean,l1,8.3618580348908,0.374929418407679,0.938534147695725
299,USE,lower,mean,l1,14.5213243999178,0.374212312166747,0.784952803997779
149,USE,lower_clean,median,l1,7.1260134379069,0.372413793103448,0.939367018323154
555,USE,none,mean,l1,14.5497917599148,0.37031099711446,0.781898945030539
427,USE,lower,median,l1,14.6665057227725,0.369585836231426,0.778567462520822
346,USE,lower,mean,l2,0.474664729926494,0.367579908675799,0.938478622987229
281,USE,lower,mean,l1,8.44263046506851,0.366951566951567,0.938312048861743
537,USE,none,mean,l1,8.45918125576443,0.366533864541833,0.938200999444753
492,USE,lower,median,l2,0.812254571960239,0.363757052771324,0.787118267629095
148,USE,lower_clean,median,l1,6.78667946467324,0.356976744186046,0.93858967240422
748,USE,none,median,l2,0.815376980213545,0.355923939541687,0.779955580233204
620,USE,none,mean,l2,0.812723769490578,0.355415352260778,0.761743475846752
405,USE,lower,median,l1,7.16271209716797,0.354782608695652,0.938200999444753
216,USE,lower_clean,median,l2,0.439008922560061,0.354503464203233,0.937923375902276
111,USE,lower_clean,mean,l2,0.848447053422654,0.354224225679802,0.75341476957246
661,USE,none,median,l1,7.12568537394206,0.353282975014526,0.938200999444753
46,USE,lower_clean,mean,l1,15.3858187841991,0.351269035532995,0.751637978900611
472,USE,lower,median,l2,0.443047948341949,0.350086655112652,0.93753470294281
728,USE,none,median,l2,0.444751080116479,0.349132947976879,0.937479178234314
89,USE,lower_clean,mean,l2,0.451301624160986,0.346666666666667,0.937423653525819
24,USE,lower_clean,mean,l1,8.02738371349516,0.345307068366165,0.937257079400333
601,USE,none,mean,l2,0.461774869028737,0.341094295692666,0.937146029983343
239,USE,lower_clean,median,l2,0.85972580668012,0.340793792897642,0.754691837867851
174,USE,lower_clean,median,l1,15.6093627687485,0.338591549295775,0.739255968906163
365,USE,lower,mean,l2,0.821535109488162,0.337230595858572,0.738756246529706
684,USE,none,median,l1,14.9300074501643,0.337207633806859,0.7435313714603
404,USE,lower,median,l1,6.8216305687314,0.336668628605062,0.937423653525819
345,USE,lower,mean,l2,0.45640839416009,0.336645236703682,0.936979455857857
280,USE,lower,mean,l1,8.10492524646577,0.33469387755102,0.936646307606885
536,USE,none,mean,l1,8.12081400553385,0.33469387755102,0.936646307606885
300,USE,lower,mean,l1,14.8590296185206,0.334041648958776,0.738978345363687
660,USE,none,median,l1,6.78636702280196,0.331955109273479,0.937201554691838
556,USE,none,mean,l1,14.8881590101454,0.329556581340048,0.733870072182121
215,USE,lower_clean,median,l2,0.420716884120059,0.329009433962264,0.936812881732371
428,USE,lower,median,l1,15.0075872512091,0.328557518430936,0.731982232093282
727,USE,none,median,l2,0.426219785111626,0.327058823529412,0.936479733481399
493,USE,lower,median,l2,0.830714903141154,0.322890864053621,0.741976679622432
471,USE,lower,median,l2,0.424587617161034,0.322504430005907,0.936313159355913
147,USE,lower_clean,median,l1,6.44734549143958,0.313960455362492,0.936424208772904
749,USE,none,median,l2,0.833908275218398,0.313953488372093,0.731371460299833
600,USE,none,mean,l2,0.443303874267588,0.31353919239905,0.935813436979456
47,USE,lower_clean,mean,l1,15.7202931055947,0.312740322994104,0.702276513048307
621,USE,none,mean,l2,0.831194764251727,0.311793004810818,0.706107717934481
214,USE,lower_clean,median,l2,0.402424845680056,0.311641791044776,0.935980011104942
112,USE,lower_clean,mean,l2,0.866499118389093,0.311473322297211,0.699777901166019
344,USE,lower,mean,l2,0.438152058393686,0.308700834326579,0.935591338145475
240,USE,lower_clean,median,l2,0.878017845120123,0.306956983536909,0.710161021654636
23,USE,lower_clean,mean,l1,7.69290939209953,0.306134603930911,0.935313714602998
88,USE,lower_clean,mean,l2,0.433249559194547,0.306037059175134,0.935535813436979
726,USE,none,median,l2,0.407688490106772,0.303357314148681,0.935480288728484
403,USE,lower,median,l1,6.48054904029483,0.302957151478576,0.935868961687951
175,USE,lower_clean,median,l1,15.9486967419821,0.302409788987389,0.689783453636868
279,USE,lower,mean,l1,7.76722002786303,0.302270011947431,0.935147140477512
535,USE,none,mean,l1,7.78244675530328,0.302089552238806,0.935091615769017
470,USE,lower,median,l2,0.40612728598012,0.299458809380637,0.935313714602998
685,USE,none,median,l1,15.2693258013044,0.297439759036145,0.68917268184342
366,USE,lower,mean,l2,0.839791445254566,0.296287219703468,0.681121599111605
659,USE,none,median,l1,6.44704867166186,0.294724075197089,0.935424764019989
301,USE,lower,mean,l1,15.1967348371233,0.294117647058824,0.682842865074958
429,USE,lower,median,l1,15.3486687796456,0.291676896636386,0.679622431982232
146,USE,lower_clean,median,l1,6.10801151820592,0.290420988407566,0.935424764019989
557,USE,none,mean,l1,15.226526260376,0.289051094890511,0.675513603553581
213,USE,lower_clean,median,l2,0.384132807240054,0.289010321797207,0.934980566352026
494,USE,lower,median,l2,0.849175234322068,0.288857618012025,0.691338145474736
87,USE,lower_clean,mean,l2,0.415197494228107,0.287272727272727,0.93470294280955
599,USE,none,mean,l2,0.424832879506438,0.285887341005451,0.934536368684064
750,USE,none,median,l2,0.852439570223251,0.280868046894488,0.679844530816213
22,USE,lower_clean,mean,l1,7.3584350707039,0.279295689131755,0.934092171016102
278,USE,lower,mean,l1,7.42951480926029,0.278250303766707,0.934036646307607
469,USE,lower,median,l2,0.387666954799205,0.276791181873852,0.934425319267074
343,USE,lower,mean,l2,0.419895722627283,0.27666057282145,0.934092171016102
534,USE,none,mean,l1,7.4440795050727,0.276155717761557,0.933925596890616
48,USE,lower_clean,mean,l1,16.0547674269903,0.275636691458192,0.643087173792338
725,USE,none,median,l2,0.389157195101919,0.275229357798165,0.934203220433093
622,USE,none,mean,l2,0.849665759012877,0.274643099932019,0.644530816213215
113,USE,lower_clean,mean,l2,0.884551183355533,0.272042534337616,0.635091615769017
241,USE,lower_clean,median,l2,0.896309883560125,0.271498485201585,0.652859522487507
176,USE,lower_clean,median,l1,16.2880307152158,0.268762452955501,0.633203775680178
686,USE,none,median,l1,15.6086441524445,0.267697132616487,0.636979455857857
402,USE,lower,median,l1,6.13946751185826,0.267492260061919,0.934314269850083
658,USE,none,median,l1,6.10773032052176,0.267492260061919,0.934314269850083
21,USE,lower_clean,mean,l1,7.02396074930827,0.263384615384615,0.933536923931149
145,USE,lower_clean,median,l1,5.76867754497225,0.262928348909657,0.934314269850083
86,USE,lower_clean,mean,l2,0.397145429261668,0.262476894639556,0.933536923931149
430,USE,lower,median,l1,15.6897503080822,0.262151829601311,0.624930594114381
367,USE,lower,mean,l2,0.858047781020969,0.262104583602324,0.619211549139367
302,USE,lower,mean,l1,15.5344400557261,0.262044909526924,0.624097723486952
495,USE,lower,median,l2,0.867635565502983,0.258901148902286,0.638256524153248
558,USE,none,mean,l1,15.5648935106066,0.257262300353736,0.615269294836202
212,USE,lower_clean,median,l2,0.365840768800051,0.253416149068323,0.933259300388673
751,USE,none,median,l2,0.870970865228104,0.252530871064635,0.626929483620211
277,USE,lower,mean,l1,7.09180959065755,0.252475247524752,0.932926152137701
598,USE,none,mean,l2,0.406361884745289,0.251704897706138,0.932981676846197
533,USE,none,mean,l1,7.10571225484212,0.24922504649721,0.932759578012215
342,USE,lower,mean,l2,0.401639386860879,0.247358607830951,0.932759578012215
49,USE,lower_clean,mean,l1,16.389241748386,0.243984887651621,0.577790116601888
623,USE,none,mean,l2,0.868136753774026,0.243483471487067,0.579400333148251
242,USE,lower_clean,median,l2,0.914601922000128,0.24215432418436,0.593725707940033
20,USE,lower_clean,mean,l1,6.68948642791264,0.242046163443543,0.932537479178234
177,USE,lower_clean,median,l1,16.6273646884494,0.241037829273123,0.574458634092171
687,USE,none,median,l1,15.9479625035846,0.240898605957276,0.579733481399223
657,USE,none,median,l1,5.76841196938167,0.240354206198608,0.933314825097168
85,USE,lower_clean,mean,l2,0.379093364295228,0.239198497182217,0.932537479178234
401,USE,lower,median,l1,5.79838598342169,0.239089184060721,0.933203775680178
114,USE,lower_clean,mean,l2,0.902603248321972,0.238797284190107,0.564242087729039
468,USE,lower,median,l2,0.369206623618291,0.238393977415307,0.93259300388673
724,USE,none,median,l2,0.370625900097066,0.237139272271016,0.932481954469739
431,USE,lower,median,l1,16.0308318365188,0.236262121657361,0.567073847862299
144,USE,lower_clean,median,l1,5.42934357173859,0.23574144486692,0.933037201554692
303,USE,lower,mean,l1,15.8721452743288,0.235179786200194,0.563020544142143
368,USE,lower,mean,l2,0.876304116787373,0.23399179311003,0.554303164908384
496,USE,lower,median,l2,0.886095896683897,0.232189973614776,0.579900055524708
559,USE,none,mean,l1,15.9032607608371,0.23098268108315,0.553747917823432
276,USE,lower,mean,l1,6.75410437205481,0.230043997485858,0.931982232093282
341,USE,lower,mean,l2,0.383383051094476,0.227129337539432,0.931982232093282
597,USE,none,mean,l2,0.387890889984139,0.226986128625473,0.931926707384786
532,USE,none,mean,l1,6.76734500461155,0.226557583385777,0.9317601332593
752,USE,none,median,l2,0.889502160232958,0.226388888888889,0.567018323153803
211,USE,lower_clean,median,l2,0.347548730360048,0.222222222222222,0.931982232093282
688,USE,none,median,l1,16.2872808547247,0.21969213953912,0.524319822320933
624,USE,none,mean,l2,0.886607748535175,0.217677396407612,0.511493614658523
243,USE,lower_clean,median,l2,0.93289396044013,0.216465382133309,0.528095502498612
50,USE,lower_clean,mean,l1,16.7237160697816,0.216335152261926,0.505607995558023
178,USE,lower_clean,median,l1,16.9666986616831,0.216288147622427,0.509494725152693
432,USE,lower,median,l1,16.3719133649554,0.215960766830138,0.511771238200999
143,USE,lower_clean,median,l1,5.09000959850493,0.213367609254499,0.932037756801777
304,USE,lower,mean,l1,16.2098504929315,0.212899842684845,0.499944475291505
115,USE,lower_clean,mean,l2,0.920655313288412,0.212413793103448,0.492726263187118
19,USE,lower_clean,mean,l1,6.355012106517,0.211464968152866,0.931260410882843
497,USE,lower,median,l2,0.904556227864812,0.210362788997533,0.520210993892282
560,USE,none,mean,l1,16.2416280110677,0.209689955954746,0.491893392559689
210,USE,lower_clean,median,l2,0.329256691920046,0.209646302250804,0.9317601332593
369,USE,lower,mean,l2,0.894560452553776,0.209449087497868,0.485285952248751
723,USE,none,median,l2,0.352094605092212,0.208974358974359,0.931482509716824
400,USE,lower,median,l1,5.45730445498512,0.207741935483871,0.931815657967796
467,USE,lower,median,l2,0.350746292437376,0.206807964033398,0.931426985008329
753,USE,none,median,l2,0.908033455237811,0.205238222937338,0.506329816768462
84,USE,lower_clean,mean,l2,0.361041299328789,0.204865556978233,0.931038312048862
656,USE,none,median,l1,5.42909361824157,0.200777202072539,0.931482509716824
689,USE,none,median,l1,16.6265992058648,0.20059731209557,0.464963908939478
433,USE,lower,median,l1,16.7129948933919,0.198026262131963,0.454025541365908
275,USE,lower,mean,l1,6.41639915345207,0.19781631342325,0.930649639089395
625,USE,none,mean,l2,0.905078743296325,0.196204052214303,0.442698500832871
179,USE,lower_clean,median,l1,17.3060326349168,0.19504,0.441310383120489
244,USE,lower_clean,median,l2,0.951185998880133,0.194759031164752,0.459133814547474
51,USE,lower_clean,mean,l1,17.0581903911772,0.193741625285726,0.432037756801777
209,USE,lower_clean,median,l2,0.310964653480043,0.193506493506494,0.931038312048862
305,USE,lower,mean,l1,16.5475557115343,0.193440800444692,0.436035535813437
340,USE,lower,mean,l2,0.365126715328072,0.192134107027724,0.930427540255414
498,USE,lower,median,l2,0.923016559045726,0.192058481475328,0.459966685174903
596,USE,none,mean,l2,0.36941989522299,0.192010309278351,0.930372015546918
531,USE,none,mean,l1,6.42897775438097,0.191886670959433,0.930316490838423
561,USE,none,mean,l1,16.5799952612983,0.190775516618213,0.428151027207107
370,USE,lower,mean,l2,0.91281678832018,0.190468810538551,0.419933370349806
18,USE,lower_clean,mean,l1,6.02053778512137,0.190291262135922,0.930538589672404
83,USE,lower_clean,mean,l2,0.342989234362349,0.189364461738003,0.9305941143809
116,USE,lower_clean,mean,l2,0.938707378254851,0.189145620634068,0.413492504164353
754,USE,none,median,l2,0.926564750242664,0.187739151673044,0.446029983342587
690,USE,none,median,l1,16.9659175570049,0.18523058066493,0.409439200444198
722,USE,none,median,l2,0.333563310087359,0.183246073298429,0.93070516379789
434,USE,lower,median,l1,17.0540764218285,0.182899292488334,0.397223764575236
399,USE,lower,median,l1,5.11622292654855,0.182056319580877,0.930649639089395
142,USE,lower_clean,median,l1,4.75067562527127,0.181937172774869,0.9305941143809
626,USE,none,mean,l2,0.923549738057474,0.180639457786946,0.382454192115491
466,USE,lower,median,l2,0.332285961256461,0.179672131147541,0.930538589672404
306,USE,lower,mean,l1,16.885260930137,0.178500769399868,0.377512493059411
180,USE,lower_clean,median,l1,17.6453666081504,0.178232286340394,0.375347029428095
655,USE,none,median,l1,5.08977526710147,0.177281680892974,0.930427540255414
245,USE,lower_clean,median,l2,0.969478037320135,0.176783972386884,0.390838423098279
499,USE,lower,median,l2,0.941476890226641,0.176385615448947,0.398500832870627
562,USE,none,mean,l1,16.9183625115289,0.176171818313743,0.369572459744586
371,USE,lower,mean,l2,0.931073124086584,0.175860341990413,0.360410882842865
52,USE,lower_clean,mean,l1,17.3926647125729,0.175220986598232,0.357579122709606
755,USE,none,median,l2,0.945096045247518,0.172990737974305,0.385230427540255
691,USE,none,median,l1,17.305235908145,0.172283576772355,0.354969461410328
82,USE,lower_clean,mean,l2,0.32493716939591,0.171165240289664,0.930094392004442
17,USE,lower_clean,mean,l1,5.68606346372574,0.170940170940171,0.929983342587451
117,USE,lower_clean,mean,l2,0.956759443221291,0.170637119113573,0.335036091060522
435,USE,lower,median,l1,17.3951579502651,0.170502385630087,0.343586896168795
339,USE,lower,mean,l2,0.346870379561668,0.169291338582677,0.929705719044975
274,USE,lower,mean,l1,6.07869393484933,0.167979002624672,0.929594669627984
627,USE,none,mean,l2,0.942020732818624,0.167955649852851,0.324986118822876
530,USE,none,mean,l1,6.09061050415039,0.167868852459016,0.929539144919489
595,USE,none,mean,l2,0.35094890046184,0.16688567674113,0.929594669627984
307,USE,lower,mean,l1,17.2229661487398,0.166143773018688,0.321154913936702
563,USE,none,mean,l1,17.2567297617594,0.16417809607459,0.313103831204886
500,USE,lower,median,l2,0.959937221407555,0.164040974920523,0.342976124375347
372,USE,lower,mean,l2,0.949329459852987,0.163910376100293,0.303831204886174
181,USE,lower_clean,median,l1,17.9847005813841,0.163725424411192,0.30799555802332
756,USE,none,median,l2,0.963627340252371,0.1616682940438,0.33259300388673
692,USE,none,median,l1,17.6445542592851,0.161656646626587,0.303164908384231
246,USE,lower_clean,median,l2,0.987770075760138,0.161175666438824,0.318600777345919
53,USE,lower_clean,mean,l1,17.7271390339685,0.160653594771242,0.286951693503609
398,USE,lower,median,l1,4.77514139811198,0.160477453580902,0.929705719044975
465,USE,lower,median,l2,0.313825630075547,0.160477453580902,0.929705719044975
208,USE,lower_clean,median,l2,0.292672615040041,0.160371106693174,0.92965019433648
436,USE,lower,median,l1,17.7362394787016,0.16025303110174,0.292393114936147
721,USE,none,median,l2,0.315032015082506,0.159256801592568,0.92965019433648
628,USE,none,mean,l2,0.960491727579774,0.15690537084399,0.267851193781233
654,USE,none,median,l1,4.75045691596137,0.156810631229236,0.929539144919489
141,USE,lower_clean,median,l1,4.41134165203761,0.156602521566025,0.929428095502499
118,USE,lower_clean,mean,l2,0.97481150818773,0.156533892382949,0.262798445308162
308,USE,lower,mean,l1,17.5606713673425,0.155774395702775,0.266962798445308
16,USE,lower_clean,mean,l1,5.35158914233011,0.154255319148936,0.929372570794003
564,USE,none,mean,l1,17.59509701199,0.154011915325136,0.258856191004997
501,USE,lower,median,l2,0.97839755258847,0.153866542972633,0.291004997223765
373,USE,lower,mean,l2,0.967585795619391,0.153673022819631,0.248362021099389
693,USE,none,median,l1,17.9838726104252,0.152249134948097,0.251804553026097
182,USE,lower_clean,median,l1,18.3240345546177,0.151892430278884,0.2435313714603
757,USE,none,median,l2,0.982158635257224,0.151436031331593,0.278178789561355
437,USE,lower,median,l1,18.0773210071382,0.151187367897551,0.241865630205441
81,USE,lower_clean,mean,l2,0.306885104429471,0.149233844103931,0.929094947251527
529,USE,none,mean,l1,5.75224325391981,0.149233844103931,0.929094947251527
54,USE,lower_clean,mean,l1,18.0616133553641,0.148987756091648,0.220433092726263
247,USE,lower_clean,median,l2,1.00606211420014,0.148732181153021,0.250638534147696
594,USE,none,mean,l2,0.332477905700691,0.148197596795728,0.929150471960022
629,USE,none,mean,l2,0.978962722340923,0.147813516443802,0.214436424208773
207,USE,lower_clean,median,l2,0.274380576600038,0.146862483311081,0.929039422543032
309,USE,lower,mean,l1,17.8983765859453,0.146835443037975,0.214103275957801
119,USE,lower_clean,mean,l2,0.99286357315417,0.145686749837403,0.197723486951694
565,USE,none,mean,l1,17.9334642622206,0.145404499760651,0.206996113270405
374,USE,lower,mean,l2,0.985842131385795,0.14518606024808,0.196446418656302
502,USE,lower,median,l2,0.996857883769384,0.144824577802705,0.238034425319267
694,USE,none,median,l1,18.3231909615653,0.14427949681035,0.20305385896724
438,USE,lower,median,l1,18.4184025355748,0.143067239249368,0.19117157134925
183,USE,lower_clean,median,l1,18.6633685278514,0.142690058479532,0.186007773459189
758,USE,none,median,l2,1.00068993026208,0.14247988699871,0.2247084952804
338,USE,lower,mean,l2,0.328614043795265,0.141995981245814,0.928872848417546
140,USE,lower_clean,median,l1,4.07200767880394,0.14190093708166,0.928817323709051
273,USE,lower,mean,l1,5.74098871624659,0.14180602006689,0.928761799000555
55,USE,lower_clean,mean,l1,18.3960876767598,0.140908048612704,0.167906718489728
630,USE,none,mean,l2,0.997433717102072,0.140308747855918,0.165130483064964
310,USE,lower,mean,l1,18.236081804548,0.139823212030766,0.167906718489728
248,USE,lower_clean,median,l2,1.02435415264014,0.138766390309872,0.186729594669628
566,USE,none,mean,l1,18.2718315124512,0.138690714000343,0.162076624097724
375,USE,lower,mean,l2,1.0040984671522,0.138346372488321,0.149972237645752
120,USE,lower_clean,mean,l2,1.01091563812061,0.138151260504202,0.145807884508606
695,USE,none,median,l1,18.6625093127054,0.137750455373406,0.158911715713493
439,USE,lower,median,l1,18.7594840640113,0.137269289383078,0.151304830649639
503,USE,lower,median,l2,1.0153182149503,0.136665686562776,0.184841754580788
184,USE,lower_clean,median,l1,19.0027025010851,0.136442431359392,0.142531926707385
397,USE,lower,median,l1,4.43405986967541,0.135843981170141,0.928650749583565
653,USE,none,median,l1,4.41113856482127,0.135843981170141,0.928650749583565
56,USE,lower_clean,mean,l1,18.7305619981554,0.135330066618951,0.127984453081621
631,USE,none,mean,l2,1.01590471186322,0.135019241341396,0.126374236535258
759,USE,none,median,l2,1.01922122526693,0.134898042177424,0.17318156579678
311,USE,lower,mean,l1,18.5737870231507,0.134741965816693,0.131426985008329
206,USE,lower_clean,median,l2,0.256088538160036,0.134408602150538,0.928484175458079
567,USE,none,mean,l1,18.6101987626817,0.133980261344213,0.127873403664631
376,USE,lower,mean,l2,1.0223548029186,0.133848413950705,0.116102165463631
464,USE,lower,median,l2,0.295365298894632,0.133423180592992,0.928595224875069
720,USE,none,median,l2,0.296500720077653,0.133423180592992,0.928595224875069
121,USE,lower_clean,mean,l2,1.02896770308705,0.133304502946105,0.109772348695169
696,USE,none,median,l1,19.0018276638455,0.133186571271326,0.125485841199334
440,USE,lower,median,l1,19.1005655924479,0.132823593664664,0.118378678511938
185,USE,lower_clean,median,l1,19.3420364743187,0.132177681473456,0.110494169905608
249,USE,lower_clean,median,l2,1.04264619108015,0.132050134288272,0.13870072182121
57,USE,lower_clean,mean,l1,19.065036319551,0.131718557419217,0.100333148250972
632,USE,none,mean,l2,1.03437570662437,0.131569079123587,0.09988895058301
312,USE,lower,mean,l1,18.9114922417535,0.131292443677913,0.105052748473071
377,USE,lower,mean,l2,1.04061113868501,0.13094160855911,0.093448084397557
568,USE,none,mean,l1,18.9485660129123,0.130596012253453,0.101776790671849
122,USE,lower_clean,mean,l2,1.04701976805349,0.13059365566912,0.088450860632982
504,USE,lower,median,l2,1.03377854613121,0.130593453483802,0.140199888950583
441,USE,lower,median,l1,19.4416471208845,0.13015788065293,0.097556912826208
697,USE,none,median,l1,19.3411460149856,0.130051590713672,0.101166018878401
58,USE,lower_clean,mean,l1,19.3995106409466,0.129651101507326,0.08306496390894
633,USE,none,mean,l2,1.05284670138552,0.129549530541196,0.083731260410883
186,USE,lower_clean,median,l1,19.6813704475524,0.129518551940124,0.089450305385897
760,USE,none,median,l2,1.03775252027178,0.129510848346255,0.133425874514159
139,USE,lower_clean,median,l1,3.73267370557028,0.129467296021578,0.928317601332593
378,USE,lower,mean,l2,1.05886747445141,0.129323940700242,0.080399777901166
123,USE,lower_clean,mean,l2,1.06507183301993,0.12927238414762,0.077734591893393
313,USE,lower,mean,l1,19.2491974603562,0.129056164311048,0.086451971127152
59,USE,lower_clean,mean,l1,19.7339849623423,0.128688010043942,0.07518045530261
569,USE,none,mean,l1,19.2869332631429,0.128643216080402,0.085341476957246
124,USE,lower_clean,mean,l2,1.08312389798637,0.128531220681747,0.071626873958912
634,USE,none,mean,l2,1.07131769614667,0.128451882845188,0.074736257634648
379,USE,lower,mean,l2,1.07712381021781,0.12843270335178,0.073070516379789
442,USE,lower,median,l1,19.7827286493211,0.128358051406555,0.083009439200444
125,USE,lower_clean,mean,l2,1.10117596295281,0.128277153558052,0.069516935036091
126,USE,lower_clean,mean,l2,1.11922802791925,0.128190466288922,0.068795113825652
127,USE,lower_clean,mean,l2,1.13728009288569,0.128150496284363,0.068461965574681
60,USE,lower_clean,mean,l1,20.0684592837379,0.128111655035934,0.070405330372016
380,USE,lower,mean,l2,1.09538014598422,0.128058302967205,0.069961132704053
698,USE,none,median,l1,19.6804643661257,0.128022007088822,0.084786229872293
187,USE,lower_clean,median,l1,20.0207044207861,0.128010072923771,0.077123820099945
314,USE,lower,mean,l1,19.586902678959,0.127972284919427,0.077568017767907
635,USE,none,mean,l2,1.08978869090782,0.127963319960402,0.070682953914492
381,USE,lower,mean,l2,1.11363648175062,0.127938423132931,0.068961687951138
61,USE,lower_clean,mean,l1,20.4029336051335,0.127931769722815,0.068906163242643
62,USE,lower_clean,mean,l1,20.7374079265292,0.127891863789966,0.068573014991671
382,USE,lower,mean,l2,1.13189281751702,0.127891863789966,0.068573014991671
63,USE,lower_clean,mean,l1,21.0718822479248,0.127858627858628,0.068295391449195
383,USE,lower,mean,l2,1.15014915328343,0.127858627858628,0.068295391449195
250,USE,lower_clean,median,l2,1.06093822952015,0.127802447741796,0.105719044975014
636,USE,none,mean,l2,1.10825968566897,0.127763616501066,0.069017212659634
637,USE,none,mean,l2,1.12673068043012,0.127703826955075,0.068517490283176
638,USE,none,mean,l2,1.14520167519127,0.127670634714353,0.0682398667407
639,USE,none,mean,l2,1.16367266995242,0.127663998336625,0.068184342032204
570,USE,none,mean,l1,19.6253005133735,0.127463312368973,0.075624652970572
443,USE,lower,median,l1,20.1238101777576,0.127376525428167,0.074902831760133
188,USE,lower_clean,median,l1,20.3600383940197,0.127335351215948,0.071515824541921
315,USE,lower,mean,l1,19.9246078975617,0.127244258872651,0.071515824541921
15,USE,lower_clean,mean,l1,5.01711482093448,0.127027027027027,0.928262076624098
189,USE,lower_clean,median,l1,20.6993723672534,0.126990735921724,0.068628539700167
699,USE,none,median,l1,20.0197827172658,0.126920858026958,0.075680177679067
316,USE,lower,mean,l1,20.2623131161644,0.126919673069915,0.068795113825652
190,USE,lower_clean,median,l1,21.038706340487,0.126904873355178,0.067906718489728
191,USE,lower_clean,median,l1,21.3780403137207,0.126885075403016,0.067740144364242
571,USE,none,mean,l1,19.9636677636041,0.126864893062076,0.070627429205997
317,USE,lower,mean,l1,20.6000183347672,0.12684043494095,0.068128817323709
318,USE,lower,mean,l1,20.9377235533699,0.126794258373206,0.067740144364242
319,USE,lower,mean,l1,21.2754287719727,0.126787664465131,0.067684619655747
444,USE,lower,median,l1,20.4648917061942,0.1267524886642,0.069683509161577
505,USE,lower,median,l2,1.05223887731213,0.126653961339504,0.109439200444198
572,USE,none,mean,l1,20.3020350138346,0.12660072878709,0.068406440866186
445,USE,lower,median,l1,20.8059732346308,0.126567785584179,0.068128817323709
573,USE,none,mean,l1,20.6404022640652,0.126548027890519,0.067962243198223
446,USE,lower,median,l1,21.1470547630673,0.126515112105291,0.067684619655747
574,USE,none,mean,l1,20.9787695142958,0.126501950585176,0.067573570238756
447,USE,lower,median,l1,21.4881362915039,0.126495370851971,0.067518045530261
575,USE,none,mean,l1,21.3171367645264,0.126495370851971,0.067518045530261
700,USE,none,median,l1,20.3591010684059,0.126271849726063,0.07023875624653
701,USE,none,median,l1,20.698419419546,0.126028538693886,0.068184342032204
702,USE,none,median,l1,21.0377377706861,0.1259367194005,0.06740699611327
703,USE,none,median,l1,21.3770561218262,0.125910509885536,0.067184897279289
80,USE,lower_clean,mean,l2,0.288833039463031,0.125760649087221,0.928206551915602
761,USE,none,median,l2,1.05628381527664,0.12571737953438,0.103387007218212
593,USE,none,mean,l2,0.314006910939541,0.125675675675676,0.928151027207107
251,USE,lower_clean,median,l2,1.07923026796015,0.125278692005521,0.08506385341477
506,USE,lower,median,l2,1.07069920849304,0.124218958611482,0.089450305385897
252,USE,lower_clean,median,l2,1.09752230640015,0.123949579831933,0.073847862298723
762,USE,none,median,l2,1.07481511028149,0.123431852009356,0.084397556912826
253,USE,lower_clean,median,l2,1.11581434484016,0.123308427817545,0.06835091615769
719,USE,none,median,l2,0.277969425072799,0.123306233062331,0.928151027207107
205,USE,lower_clean,median,l2,0.237796499720033,0.123139377537212,0.928039977790117
337,USE,lower,mean,l2,0.310357708028861,0.123139377537212,0.928039977790117
528,USE,none,mean,l1,5.41387600368924,0.123139377537212,0.928039977790117
254,USE,lower_clean,median,l2,1.13410638328016,0.123076923076923,0.06635202665186
255,USE,lower_clean,median,l2,1.15239842172016,0.122980719124544,0.065519156024431
507,USE,lower,median,l2,1.08915953967396,0.122763498179131,0.077123820099945
763,USE,none,median,l2,1.09334640528634,0.122204094521341,0.073903387007218
463,USE,lower,median,l2,0.276904967713718,0.122033898305085,0.928095502498612
272,USE,lower,mean,l1,5.40328349764385,0.12186865267434,0.927984453081621
508,USE,lower,median,l2,1.10761987085487,0.121863048147954,0.069350360910605
764,USE,none,median,l2,1.1118777002912,0.121532502878677,0.068073292615214
509,USE,lower,median,l2,1.12608020203579,0.121474827658241,0.065963353692393
510,USE,lower,median,l2,1.1445405332167,0.121373408474223,0.065074958356469
511,USE,lower,median,l2,1.16300086439762,0.121316434569447,0.064575235980011
765,USE,none,median,l2,1.13040899529605,0.121221613155834,0.065352581898945
766,USE,none,median,l2,1.1489402903009,0.121158361596661,0.064797334813992
767,USE,none,median,l2,1.16747158530576,0.121120442334776,0.064464186563021
138,USE,lower_clean,median,l1,3.39333973233662,0.12059620596206,0.927928928373126
204,USE,lower_clean,median,l2,0.219504461280031,0.119402985074627,0.927928928373126
137,USE,lower_clean,median,l1,3.05400575910296,0.118046132971506,0.927817878956135
136,USE,lower_clean,median,l1,2.7146717858693,0.115489130434783,0.927706829539145
396,USE,lower,median,l1,4.09297834123884,0.114363512593601,0.92776235424764
652,USE,none,median,l1,4.07182021368118,0.113079019073569,0.927706829539145
203,USE,lower_clean,median,l2,0.201212422840028,0.113002042205582,0.92765130483065
718,USE,none,median,l2,0.259438130067946,0.111792774369462,0.92765130483065
202,USE,lower_clean,median,l2,0.182920384400025,0.111716621253406,0.927595780122154
79,USE,lower_clean,mean,l2,0.270780974496592,0.110429447852761,0.927540255413659
462,USE,lower,median,l2,0.258444636532803,0.109215017064846,0.927540255413659
135,USE,lower_clean,median,l1,2.37533781263563,0.109140518417462,0.927484730705164
201,USE,lower_clean,median,l2,0.164628345960023,0.107849829351536,0.927429205996669
651,USE,none,median,l1,3.73250186254108,0.106703146374829,0.927484730705164
14,USE,lower_clean,mean,l1,4.68264049953885,0.10655737704918,0.927373681288173
128,USE,lower_clean,median,l1,0,0.105263157894737,0.927318156579678
129,USE,lower_clean,median,l1,0.339333973233662,0.105263157894737,0.927318156579678
130,USE,lower_clean,median,l1,0.678667946467324,0.105263157894737,0.927318156579678
131,USE,lower_clean,median,l1,1.01800191970099,0.105263157894737,0.927318156579678
132,USE,lower_clean,median,l1,1.35733589293465,0.105263157894737,0.927318156579678
133,USE,lower_clean,median,l1,1.69666986616831,0.105263157894737,0.927318156579678
134,USE,lower_clean,median,l1,2.03600383940197,0.105263157894737,0.927318156579678
192,USE,lower_clean,median,l2,0,0.105263157894737,0.927318156579678
193,USE,lower_clean,median,l2,0.018292038440003,0.105263157894737,0.927318156579678
194,USE,lower_clean,median,l2,0.036584076880005,0.105263157894737,0.927318156579678
195,USE,lower_clean,median,l2,0.054876115320008,0.105263157894737,0.927318156579678
196,USE,lower_clean,median,l2,0.07316815376001,0.105263157894737,0.927318156579678
197,USE,lower_clean,median,l2,0.091460192200013,0.105263157894737,0.927318156579678
198,USE,lower_clean,median,l2,0.109752230640015,0.105263157894737,0.927318156579678
199,USE,lower_clean,median,l2,0.128044269080018,0.105263157894737,0.927318156579678
200,USE,lower_clean,median,l2,0.14633630752002,0.105263157894737,0.927318156579678
395,USE,lower,median,l1,3.75189681280227,0.104109589041096,0.927373681288173
592,USE,none,mean,l2,0.295535916178392,0.10403832991102,0.927318156579678
717,USE,none,median,l2,0.240906835063093,0.101508916323731,0.927262631871183
527,USE,none,mean,l1,5.07550875345866,0.100137174211248,0.927151582454192
461,USE,lower,median,l2,0.239984305351889,0.098901098901099,0.927151582454192
271,USE,lower,mean,l1,5.06557827904111,0.097527472527473,0.927040533037201
336,USE,lower,mean,l2,0.292101372262458,0.097527472527473,0.927040533037201
394,USE,lower,median,l1,3.4108152843657,0.094975911906401,0.926985008328706
650,USE,none,median,l1,3.39318351140098,0.094975911906401,0.926985008328706
716,USE,none,median,l2,0.222375540058239,0.094975911906401,0.926985008328706
13,USE,lower_clean,mean,l1,4.34816617814321,0.094910591471802,0.926929483620211
78,USE,lower_clean,mean,l2,0.252728909530152,0.094910591471802,0.926929483620211
460,USE,lower,median,l2,0.221523974170974,0.09366391184573,0.926929483620211
393,USE,lower,median,l1,3.06973375592913,0.091097308488613,0.926873958911716
649,USE,none,median,l1,3.05386516026088,0.088458880442294,0.926762909494725
526,USE,none,mean,l1,4.73714150322808,0.088336783988958,0.926651860077735
392,USE,lower,median,l1,2.72865222749256,0.087136929460581,0.92670738478623
591,USE,none,mean,l2,0.277064921417242,0.087016574585635,0.926596335369239
459,USE,lower,median,l2,0.20306364299006,0.085813148788927,0.926651860077735
648,USE,none,median,l1,2.71454680912078,0.085813148788927,0.926651860077735
335,USE,lower,mean,l2,0.273845036496054,0.085694540428473,0.926540810660744
391,USE,lower,median,l1,2.38757069905599,0.084546084546085,0.926651860077735
715,USE,none,median,l2,0.203844245053386,0.084487534626039,0.926596335369239
270,USE,lower,mean,l1,4.72787306043837,0.084370677731674,0.926485285952249
458,USE,lower,median,l2,0.184603311809145,0.083217753120666,0.926596335369239
647,USE,none,median,l1,2.37522845798069,0.083217753120666,0.926596335369239
455,USE,lower,median,l2,0.129222318266402,0.081887578070784,0.926540810660744
456,USE,lower,median,l2,0.147682649447316,0.081887578070784,0.926540810660744
457,USE,lower,median,l2,0.166142980628231,0.081887578070784,0.926540810660744
714,USE,none,median,l2,0.185312950048533,0.081887578070784,0.926540810660744
12,USE,lower_clean,mean,l1,4.01369185674758,0.081774081774082,0.926429761243753
77,USE,lower_clean,mean,l2,0.234676844563713,0.081774081774082,0.926429761243753
711,USE,none,median,l2,0.129719065033973,0.080555555555556,0.926485285952249
712,USE,none,median,l2,0.148250360038826,0.080555555555556,0.926485285952249
713,USE,none,median,l2,0.16678165504368,0.080555555555556,0.926485285952249
384,USE,lower,median,l1,0,0.079221681723419,0.926429761243753
385,USE,lower,median,l1,0.34108152843657,0.079221681723419,0.926429761243753
386,USE,lower,median,l1,0.68216305687314,0.079221681723419,0.926429761243753
387,USE,lower,median,l1,1.02324458530971,0.079221681723419,0.926429761243753
388,USE,lower,median,l1,1.36432611374628,0.079221681723419,0.926429761243753
389,USE,lower,median,l1,1.70540764218285,0.079221681723419,0.926429761243753
390,USE,lower,median,l1,2.04648917061942,0.079221681723419,0.926429761243753
448,USE,lower,median,l2,0,0.079221681723419,0.926429761243753
449,USE,lower,median,l2,0.018460331180915,0.079221681723419,0.926429761243753
450,USE,lower,median,l2,0.036920662361829,0.079221681723419,0.926429761243753
451,USE,lower,median,l2,0.055380993542744,0.079221681723419,0.926429761243753
452,USE,lower,median,l2,0.073841324723658,0.079221681723419,0.926429761243753
453,USE,lower,median,l2,0.092301655904573,0.079221681723419,0.926429761243753
454,USE,lower,median,l2,0.110761987085487,0.079221681723419,0.926429761243753
11,USE,lower_clean,mean,l1,3.67921753535195,0.07911172796669,0.926318711826763
640,USE,none,median,l1,0,0.0778859527121,0.926374236535258
641,USE,none,median,l1,0.339318351140098,0.0778859527121,0.926374236535258
642,USE,none,median,l1,0.678636702280196,0.0778859527121,0.926374236535258
643,USE,none,median,l1,1.01795505342029,0.0778859527121,0.926374236535258
644,USE,none,median,l1,1.35727340456039,0.0778859527121,0.926374236535258
645,USE,none,median,l1,1.69659175570049,0.0778859527121,0.926374236535258
646,USE,none,median,l1,2.03591010684059,0.0778859527121,0.926374236535258
704,USE,none,median,l2,0,0.0778859527121,0.926374236535258
705,USE,none,median,l2,0.018531295004853,0.0778859527121,0.926374236535258
706,USE,none,median,l2,0.037062590009707,0.0778859527121,0.926374236535258
707,USE,none,median,l2,0.05559388501456,0.0778859527121,0.926374236535258
708,USE,none,median,l2,0.074125180019413,0.0778859527121,0.926374236535258
709,USE,none,median,l2,0.092656475024267,0.0778859527121,0.926374236535258
710,USE,none,median,l2,0.11118777002912,0.0778859527121,0.926374236535258
76,USE,lower_clean,mean,l2,0.216624779597273,0.076441973592773,0.926207662409772
525,USE,none,mean,l1,4.3987742529975,0.07505211952745,0.926096612992782
590,USE,none,mean,l2,0.258593926656093,0.07505211952745,0.926096612992782
8,USE,lower_clean,mean,l1,2.67579457116505,0.072423398328691,0.926041088284287
9,USE,lower_clean,mean,l1,3.01026889256069,0.072423398328691,0.926041088284287
10,USE,lower_clean,mean,l1,3.34474321395632,0.072423398328691,0.926041088284287
73,USE,lower_clean,mean,l2,0.162468584697955,0.072423398328691,0.926041088284287
74,USE,lower_clean,mean,l2,0.180520649664394,0.072423398328691,0.926041088284287
75,USE,lower_clean,mean,l2,0.198572714630834,0.072423398328691,0.926041088284287
269,USE,lower,mean,l1,4.39016784183563,0.072372999304106,0.925985563575791
334,USE,lower,mean,l2,0.25558870072965,0.072372999304106,0.925985563575791
1,USE,lower_clean,mean,l1,0.334474321395632,0.069735006973501,0.925930038867296
2,USE,lower_clean,mean,l1,0.668948642791264,0.069735006973501,0.925930038867296
3,USE,lower_clean,mean,l1,1.0034229641869,0.069735006973501,0.925930038867296
4,USE,lower_clean,mean,l1,1.33789728558253,0.069735006973501,0.925930038867296
5,USE,lower_clean,mean,l1,1.67237160697816,0.069735006973501,0.925930038867296
6,USE,lower_clean,mean,l1,2.00684592837379,0.069735006973501,0.925930038867296
7,USE,lower_clean,mean,l1,2.34132024976942,0.069735006973501,0.925930038867296
65,USE,lower_clean,mean,l2,0.01805206496644,0.069735006973501,0.925930038867296
66,USE,lower_clean,mean,l2,0.036104129932879,0.069735006973501,0.925930038867296
67,USE,lower_clean,mean,l2,0.054156194899318,0.069735006973501,0.925930038867296
68,USE,lower_clean,mean,l2,0.072208259865758,0.069735006973501,0.925930038867296
69,USE,lower_clean,mean,l2,0.090260324832197,0.069735006973501,0.925930038867296
70,USE,lower_clean,mean,l2,0.108312389798637,0.069735006973501,0.925930038867296
71,USE,lower_clean,mean,l2,0.126364454765076,0.069735006973501,0.925930038867296
72,USE,lower_clean,mean,l2,0.144416519731516,0.069735006973501,0.925930038867296
589,USE,none,mean,l2,0.240122931894943,0.064380685794262,0.92576346474181
524,USE,none,mean,l1,4.06040700276693,0.06166783461808,0.92565241532482
0,USE,lower_clean,mean,l1,0,0.061624649859944,0.925596890616324
64,USE,lower_clean,mean,l2,0,0.061624649859944,0.925596890616324
268,USE,lower,mean,l1,4.05246262323289,0.058947368421053,0.925541365907829
333,USE,lower,mean,l2,0.237332364963247,0.058947368421053,0.925541365907829
523,USE,none,mean,l1,3.72203975253635,0.057584269662921,0.925485841199333
588,USE,none,mean,l2,0.221651937133794,0.057584269662921,0.925485841199333
267,USE,lower,mean,l1,3.71475740463015,0.054852320675106,0.925374791782343
332,USE,lower,mean,l2,0.219076029196843,0.054852320675106,0.925374791782343
331,USE,lower,mean,l2,0.20081969343044,0.049365303244006,0.925152692948362
587,USE,none,mean,l2,0.203180942372644,0.049365303244006,0.925152692948362
263,USE,lower,mean,l1,2.36393653021918,0.048022598870057,0.925152692948362
264,USE,lower,mean,l1,2.70164174882192,0.048022598870057,0.925152692948362
265,USE,lower,mean,l1,3.03934696742466,0.048022598870057,0.925152692948362
327,USE,lower,mean,l2,0.127794350364825,0.048022598870057,0.925152692948362
328,USE,lower,mean,l2,0.146050686131229,0.048022598870057,0.925152692948362
329,USE,lower,mean,l2,0.164307021897632,0.048022598870057,0.925152692948362
330,USE,lower,mean,l2,0.182563357664036,0.048022598870057,0.925152692948362
519,USE,none,mean,l1,2.36857075161404,0.048022598870057,0.925152692948362
520,USE,none,mean,l1,2.70693800184462,0.048022598870057,0.925152692948362
521,USE,none,mean,l1,3.0453052520752,0.048022598870057,0.925152692948362
583,USE,none,mean,l2,0.129296963328046,0.048022598870057,0.925152692948362
584,USE,none,mean,l2,0.147767958089196,0.048022598870057,0.925152692948362
585,USE,none,mean,l2,0.166238952850345,0.048022598870057,0.925152692948362
586,USE,none,mean,l2,0.184709947611495,0.048022598870057,0.925152692948362
266,USE,lower,mean,l1,3.37705218602741,0.047988708539167,0.925097168239867
522,USE,none,mean,l1,3.38367250230577,0.047988708539167,0.925097168239867
256,USE,lower,mean,l1,0,0.045261669024045,0.925041643531371
257,USE,lower,mean,l1,0.337705218602741,0.045261669024045,0.925041643531371
258,USE,lower,mean,l1,0.675410437205481,0.045261669024045,0.925041643531371
259,USE,lower,mean,l1,1.01311565580822,0.045261669024045,0.925041643531371
260,USE,lower,mean,l1,1.35082087441096,0.045261669024045,0.925041643531371
261,USE,lower,mean,l1,1.6885260930137,0.045261669024045,0.925041643531371
262,USE,lower,mean,l1,2.02623131161644,0.045261669024045,0.925041643531371
320,USE,lower,mean,l2,0,0.045261669024045,0.925041643531371
321,USE,lower,mean,l2,0.018256335766404,0.045261669024045,0.925041643531371
322,USE,lower,mean,l2,0.036512671532807,0.045261669024045,0.925041643531371
323,USE,lower,mean,l2,0.054769007299211,0.045261669024045,0.925041643531371
324,USE,lower,mean,l2,0.073025343065614,0.045261669024045,0.925041643531371
325,USE,lower,mean,l2,0.091281678832018,0.045261669024045,0.925041643531371
326,USE,lower,mean,l2,0.109538014598422,0.045261669024045,0.925041643531371
512,USE,none,mean,l1,0,0.045261669024045,0.925041643531371
513,USE,none,mean,l1,0.338367250230577,0.045261669024045,0.925041643531371
514,USE,none,mean,l1,0.676734500461154,0.045261669024045,0.925041643531371
515,USE,none,mean,l1,1.01510175069173,0.045261669024045,0.925041643531371
516,USE,none,mean,l1,1.35346900092231,0.045261669024045,0.925041643531371
517,USE,none,mean,l1,1.69183625115289,0.045261669024045,0.925041643531371
518,USE,none,mean,l1,2.03020350138346,0.045261669024045,0.925041643531371
576,USE,none,mean,l2,0,0.045261669024045,0.925041643531371
577,USE,none,mean,l2,0.01847099476115,0.045261669024045,0.925041643531371
578,USE,none,mean,l2,0.036941989522299,0.045261669024045,0.925041643531371
579,USE,none,mean,l2,0.055412984283449,0.045261669024045,0.925041643531371
580,USE,none,mean,l2,0.073883979044598,0.045261669024045,0.925041643531371
581,USE,none,mean,l2,0.092354973805748,0.045261669024045,0.925041643531371
582,USE,none,mean,l2,0.110825968566897,0.045261669024045,0.925041643531371
